name,attendance,study_hours,previous_marks,assignments_done,sleep_hours,internet_usage_hours
Student 01,97,2.4,38,9,5.7,2.0
Student 02,72,5.1,77,1,7.1,6.1
Student 03,86,3.4,87,5,5.5,5.9
Student 04,76,6.3,48,5,4.8,6.2
Student 05,54,3.3,88,1,6.5,6.3
Student 06,73,4.6,39,3,5.6,6.7
Student 07,96,4.3,56,9,6.5,2.2
Student 08,98,4.4,51,9,5.9,2.1
Student 09,98,4.8,52,5,7.6,0.9
Student 10,78,3.8,72,3,5.5,5.4
Student 11,62,1.8,80,3,7.4,2.9
Student 12,76,0.9,58,10,5.0,4.9
Student 13,80,2.1,48,10,7.6,5.7
Student 14,60,1.1,50,6,8.5,2.2
Student 15,97,1.2,57,5,5.6,7.0
Student 16,75,2.3,58,9,8.5,4.4
Student 17,64,4.4,93,3,7.0,6.3
Student 18,70,2.7,78,5,6.8,3.8
Student 19,50,5.6,61,5,5.5,6.4
Student 20,78,6.8,50,8,7.2,3.7
Student 21,63,2.7,35,1,6.3,5.8
Student 22,96,2.0,67,10,6.9,3.0
Student 23,61,5.0,35,8,6.4,0.5
Student 24,58,4.2,59,2,7.6,5.2
Student 25,78,5.5,49,8,6.6,1.2
Student 26,62,4.5,94,3,5.8,6.6
Student 27,63,2.3,94,5,5.8,4.2
Student 28,66,6.4,86,6,6.7,2.8
Student 29,82,4.2,65,7,8.4,5.5
Student 30,59,5.2,78,4,4.9,6.7
Student 31,94,4.9,60,3,4.6,3.1
Student 32,64,5.5,68,9,6.3,5.1
Student 33,87,5.4,40,1,5.2,3.3
Student 34,96,3.2,58,10,8.1,1.3
Student 35,83,0.7,65,9,6.8,1.6
Student 36,65,3.7,75,6,7.8,6.0
Student 37,81,6.3,56,5,7.8,3.5
Student 38,87,1.4,85,2,4.5,2.8
Student 39,86,5.6,54,9,8.0,2.6
Student 40,47,4.8,43,4,6.2,2.8
